{"cameraMode":{"drawMode":0,"name":"Shaded","section":"Shading Mode"},"sceneLighting":true,"audioPlay":false,"sceneViewState":{"m_AlwaysRefresh":false,"showFog":true,"showSkybox":true,"showFlares":true,"showImageEffects":true,"showParticleSystems":true,"showVisualEffectGraphs":true,"m_FxEnabled":true},"in2DMode":false,"pivot":{"x":-0.21492639183998109,"y":1.108083724975586,"z":-0.3052947521209717},"rotation":{"x":-0.17312578856945039,"y":0.058167822659015658,"z":-0.010243278928101063,"w":-0.9831284284591675},"size":5.407395362854004,"orthographic":false}