{"cameraMode":{"drawMode":0,"name":"Shaded","section":"Shading Mode"},"sceneLighting":false,"audioPlay":false,"sceneViewState":{"m_AlwaysRefresh":false,"showFog":false,"showSkybox":false,"showFlares":false,"showImageEffects":false,"showParticleSystems":false,"showVisualEffectGraphs":true,"m_FxEnabled":true},"in2DMode":false,"pivot":{"x":-0.04053465276956558,"y":1.3569296598434449,"z":0.042298972606658939},"rotation":{"x":-0.04994630068540573,"y":0.036742329597473147,"z":-0.0018419005209580064,"w":-0.9980840682983398},"size":0.1702030748128891,"orthographic":false}