{"cameraMode":{"drawMode":0,"name":"Shaded","section":"Shading Mode"},"sceneLighting":true,"audioPlay":false,"sceneViewState":{"m_AlwaysRefresh":false,"showFog":true,"showSkybox":true,"showFlares":true,"showImageEffects":true,"showParticleSystems":true,"showVisualEffectGraphs":true,"m_FxEnabled":true},"in2DMode":false,"pivot":{"x":-0.013578388839960099,"y":1.443905234336853,"z":0.7018788456916809},"rotation":{"x":0.11356302350759506,"y":-0.3363837003707886,"z":0.04090428352355957,"w":0.9339637160301209},"size":2.711623430252075,"orthographic":false}