{"cameraMode":{"drawMode":0,"name":"Shaded","section":"Shading Mode"},"sceneLighting":true,"audioPlay":false,"sceneViewState":{"m_AlwaysRefresh":false,"showFog":true,"showSkybox":true,"showFlares":true,"showImageEffects":true,"showParticleSystems":true,"showVisualEffectGraphs":true,"m_FxEnabled":true},"in2DMode":false,"pivot":{"x":-0.11938932538032532,"y":0.8303876519203186,"z":-1.2965610027313233},"rotation":{"x":-0.1721404790878296,"y":0.0012782756239175797,"z":-0.00023085811699274927,"w":-0.98508220911026},"size":1.3463120460510255,"orthographic":false}