{"cameraMode":{"drawMode":0,"name":"Shaded","section":"Shading Mode"},"sceneLighting":true,"audioPlay":false,"sceneViewState":{"m_AlwaysRefresh":false,"showFog":true,"showSkybox":true,"showFlares":true,"showImageEffects":true,"showParticleSystems":true,"showVisualEffectGraphs":true,"m_FxEnabled":true},"in2DMode":false,"pivot":{"x":0.24446240067481996,"y":1.216660737991333,"z":1.1028614044189454},"rotation":{"x":0.016973311081528665,"y":-0.0546693429350853,"z":0.000930001144297421,"w":0.9983653426170349},"size":2.711623430252075,"orthographic":false}