{"cameraMode":{"drawMode":0,"name":"Shaded","section":"Shading Mode"},"sceneLighting":true,"audioPlay":false,"sceneViewState":{"m_AlwaysRefresh":false,"showFog":true,"showSkybox":true,"showFlares":true,"showImageEffects":true,"showParticleSystems":true,"showVisualEffectGraphs":true,"m_FxEnabled":true},"in2DMode":false,"pivot":{"x":0.905262291431427,"y":0.9548500776290894,"z":-0.9330612421035767},"rotation":{"x":0.2667027711868286,"y":0.014741883613169194,"z":-0.004077811259776354,"w":0.9636693000793457},"size":0.6116236448287964,"orthographic":false}