{"cameraMode":{"drawMode":0,"name":"Shaded","section":"Shading Mode"},"sceneLighting":true,"audioPlay":false,"sceneViewState":{"m_AlwaysRefresh":false,"showFog":true,"showSkybox":true,"showFlares":true,"showImageEffects":true,"showParticleSystems":true,"showVisualEffectGraphs":true,"m_FxEnabled":true},"in2DMode":false,"pivot":{"x":0.8547962307929993,"y":1.1706453561782838,"z":-1.2860623598098755},"rotation":{"x":0.2680799067020416,"y":0.06833039224147797,"z":-0.019065793603658677,"w":0.9607831835746765},"size":2.4511523246765138,"orthographic":false}